9.38380918470103,9.33587883498855,4.65663420376507,1.79653396302445,1.93569168309729,1.91364143095088,4.16975439309193,5.57394556384136,8.38099830834662,257.513978248252,10997.272856639,151.525070826597,4.72369976881459e+23,83045.7991937573,37286640.8915695,2.34257117679138
10.4913071033001,9.72968164369306,3.384728651206,3.04915748058939,1.00614689712336,0.792331542090946,6.16882743666344,4.51966264728055,7.4670855218869,84.6753438392651,1451.7125521019,53.1012441237805,160584911779824,2603.57229999393,130986.104567935,2.60826471513647
10.1430075899412,6.29437662083987,3.72739001046594,2.70500390425632,1.24242479752734,1.32415198391824,2.04155258613839,3.36252162186727,5.61702083630491,1692.04664960944,73430.1701337674,134.776871019017,1.04242574738362e+30,247982.900985057,1739247074.78511,1.64870960898273
7.07390295104162,5.18374477369107,3.34646165109657,2.1852360963721,1.33229860602886,1.38551249782685,3.31464538602368,5.13539677163223,7.5590628054121,88.5194018003024,1442.85480814115,71.5234776390791,1.25757673019326e+15,3103.8322172141,51473.2010624578,2.45939100850062
6.67891185346321,6.05164965737992,4.14931133735457,1.88374068317754,1.64328815940287,1.55534018394735,4.39006103427647,4.94624967545824,9.59884618044891,154.656895400759,20888.5814506376,100.639870392635,5.10510414405199e+21,37688.5302548221,9590753.56400748,3.68654091755894
19.9166147258318,9.26000444196779,6.926471558166,2.80947123399103,2.47770297986137,1.68860517741729,5.80284619515052,8.33152226524716,9.75297195212346,8260.30812665329,65407.5006106239,131.812073434695,9.42081900379472e+27,163958.459066208,897135156.483915,2.79196653280705
9.17582265012188,6.44777566078456,5.4692360271193,2.97634121538386,1.67540310534867,1.61889104692177,3.29831621976712,4.4086587386825,9.52903723517181,726.909137777397,115685.529401327,86.8188511776799,5.55038446007158e+27,141128.586936824,197711932.521876,1.7469074248384
12.6537923980139,12.6965872995021,4.40138626099603,2.5553196655472,1.46358942715871,1.14219056586405,4.3744358685653,6.87374360417118,12.9608685728355,5339.07588400254,113891.869089869,389.493343386925,2.76894510263507e+31,628359.254164916,5673091859.50039,2.68660745243451
8.38844624907725,5.98853260832163,3.11183067616372,2.0725694237752,1.49851390980342,1.56488940531629,2.17759345373371,3.08390754932359,9.98515708936646,97.7947695050061,772.646709035192,108.289603656409,535346022291893,4997.63215559214,76114.2241902268,1.72645028826747
9.72602313861825,9.43175028071607,3.08423188075262,2.41072540721629,0.916219323134995,0.834741373238586,2.45930282706296,4.94818524067697,7.32928532989778,5825.84839077067,112863.299356307,99.0431975296273,1.48483515509882e+31,150206.684207368,3076726415.52365,2.53238563301876
9.39059514143459,5.95634069107638,4.85516144051441,2.72442301263435,1.46280874858967,1.45220503709695,3.54285422540015,4.48219867948764,10.8505510416616,760.531530176015,11151.5941266756,130.388450825431,4.42816066585366e+26,57595.4192005439,165706678.011821,2.16875849531699
21.9287859076959,11.5749897473742,6.24487545112846,3.64034993893861,2.05587074903872,1.76501148072236,6.67488969416619,8.16070934399563,13.6188786964171,11843.3488671713,197423.147789457,257.671259552977,1.96513370590756e+31,364945.085076067,2699235221.06555,2.68589855394197
17.7974367721315,7.54252987029995,8.42570872760655,2.68897980771261,2.77787064505438,2.11000955722677,5.88970785348534,8.38796978472456,13.9804345847274,26731.1105320195,256979.990120332,251.062377348795,1.8842053014922e+32,307940.05434867,11896365083.2022,5.38487127585381
9.41282164839115,8.48052684206073,3.14468272350173,2.86657229348769,1.63682766381988,1.48030897256408,2.24186197172182,4.43404997047358,9.83491961826288,1526.72210683098,50936.9507824817,71.1735716927062,3.44963748152473e+26,36266.5814496869,252725071.959392,2.40634191477165
8.96062565030132,5.27686020640334,3.8916655217648,1.38908983002126,1.83561414832738,1.73304671719153,3.81568787083062,4.1985566035145,14.18548569315,470.049629363774,7298.90548103911,117.712251383356,9.87358164396769e+20,18455.5477909022,4843465.85969655,2.58500983309277
80.1703612034726,37.2351667574574,74.3798003939369,24.7521623742137,10.6387854556106,8.09103933026928,101.075607843739,21706.1654415933,7876.57340748636,3.12229622695981e+18,4.79406096150173e+42,7.98626856291483e+36,2.38068137999788e+89,4.32489059339023e+44,1.25315430391675e+47,11.6102387015444
6.20583906779106,3.66031402270206,3.09811212938081,2.17730338973704,1.62961355917187,1.23181004626821,4.10269551503669,5.57435996993652,9.5845826879728,3169419998.95596,879823975846.786,640162609173.736,2.06633150263962e+66,2971359441818.86,3.15189583364929e+19,2.01285671167812
13.0463972469324,8.52781421208673,5.20124704922343,2.14532046957378,1.85857640523534,1.51582694743822,4.19117913091892,5.78033684680862,15.9456184760782,20401055.3953966,24075035.1564888,17910910.5137297,6.34278417821705e+52,750424190.491796,1.07105873884795e+16,2.30584098081674
7.69201547212139,3.79275380838815,3.7971159442947,1.55054076332916,1.9967862331768,1.74336303169846,3.01040203019239,4.47863885394262,10.5367201166886,161.325432698114,1903.31630405735,98.5605025079394,2.38556911998734e+19,9101.3428319322,5082895.09842471,2.79310903436151
13.3636146486976,13.9284068597023,3.10865021248387,2.81921424059972,0.851706211899304,0.799833748192048,1.87260543900775,8.38449417708144,7.50039405908201,180.484606377802,1929.97879074863,83.0593693912673,2.91522074345226e+17,7560.7733249782,477589.447521797,3.51431079344859
6.92403483754599,6.76038636590552,3.73956723620119,2.75326315419229,1.12839716990735,1.16112361890747,3.66260647099384,4.61197541590088,5.34447634287457,78.7824447700994,2811.47645737763,107.303383557218,76361150355928.2,5098.19441160724,57902.5828479413,2.97741907151967
36.8571613368291,13.1965623995203,20.1992971792319,12.5754058393585,7.5881381201664,7.35204514685704,201.185195183324,4986.28101140525,272.320002080654,66199843891489.7,2.95602320575713e+27,4.83286459317903e+24,1.17926080132326e+78,1.22087944481332e+29,3.83920626061098e+33,7.88417927484319
13.4061356657098,13.7514255660476,4.13883334044407,3.25980512940178,0.880546710617706,0.89738995744908,2.67743473054189,6.04656508838694,11.1329994723049,263.879878794797,1213.05607163263,80.9412454747005,2.26625986399511e+15,3044.47959310549,223359.8977817,1.28262524551765
15.1321479790978,10.4214306154763,4.94108200462572,2.3161318582304,2.62986604301519,2.20715246825173,6.28670426673959,6.29091647435654,20.6725265033444,3202.42441548564,45561.5209173625,138.577582121526,1.25982465943938e+27,105227.249393061,733721214.946173,5.62639866416753
13.1562928799423,12.4379002493121,3.76640493135997,2.78230444715409,1.32807155830703,1.06883740949377,3.28873608991198,6.75200095433199,7.82459188118298,2001.10159550005,80764.0264305236,286.340739571519,4.56575838443159e+30,375294.737313825,2146063417.35165,2.01280340494679
8.82717399148522,4.4856222268573,2.69195606872481,2.606837304356,1.4871101691147,1.28874326421842,3.31805345887004,4.86259292133327,9.00052104097477,1621971746.76502,25998247918.7228,56763362055.1211,2.00505078790142e+64,348554693614.743,1.93498632506109e+19,1.88544903706596
11.9541232751188,9.50131794012567,4.05842153600883,3.89854627949689,1.75598124555471,1.47339959499329,2.79468827331061,6.8806204679433,8.21782843417297,1049.52572084336,27811.296382338,79.3217886560497,3.32326340285275e+24,43000.8541905867,70416013.3174196,2.15259371999513
21.3024811221734,5.37620272419729,8.05384495293814,4.64053873505158,1.89162488359216,2.42877754286175,25.1854662564556,372.477447932233,867.233587504972,594079338587967,3.5718035774172e+29,3.09809859442537e+26,3.42635351843694e+79,1.04892300041901e+31,1.6261603393151e+35,6.25919457980704
20.0654900713407,11.1595334129201,6.40001436621424,3.37438025365186,1.99513806034705,1.74178214940528,6.55166626386481,11.0742187688462,11.7781049063332,15926.0704954462,163461.927909881,406.404025156894,1.52971369669932e+31,284581.984850409,4070497451.21574,2.10662030845859
30.1172776797939,25.1451531186436,6.20612791543229,6.34853066801106,3.73601670295612,3.36683224561183,8.15650501475637,23.1475175599732,43.2128535961134,1009869.77104489,8911830.78353045,11020.9044408546,2.94709392827259e+43,10354618.7744208,8382275145088.63,7.18324868022005
14.554262529032,10.7500994148636,4.37779838238594,2.9378682519432,1.07161995799116,0.953853984344952,3.33718503959207,3.09806263676758,5.92680213042106,284.667960989909,1139.82344592119,48.7514583967434,1.30237377687388e+21,6776.60543433893,3321538.09531992,1.5977738574031
13.8161309452269,13.6250688373269,3.44123037087907,2.88636245737249,1.28889579487992,1.3117620984238,3.93614414672153,10.2920940444301,9.12073795151278,13698.0327305569,101233.632473517,727.907128627838,6.87463697534465e+34,1290305.68839256,33811881337.0847,3.07265313200722
36.1626226183331,16.3889988785626,27.3309723022744,12.4076065660102,3.08385042770011,9.1977005668765,251.585860628481,53158.1224781522,13508.7411490552,5.72437922469811e+18,4.84393954626212e+42,1.93385300083826e+36,1.27371688526722e+89,2.44803352094401e+43,1.66820394982848e+46,6.55357092658411
15.1927525483072,10.159455038322,5.63520133721213,3.52288613951734,1.80742452064114,1.59651342943451,4.41877124824348,3.89187547112472,7.53285503971505,4829.60428983556,44652.1743095348,150.621153559208,2.29386757025679e+28,127501.68941222,454749259.958444,2.29571621547845
9.85781520327813,6.0923470130246,3.73071827059923,2.61331905719199,1.07224962102767,1.09693094535701,2.43507720059419,3.60448441802434,7.86466586305669,1803.51329803901,7728.56686970179,106.893519102375,1.65790736508754e+28,120703.848830134,195559016.289336,1.48442515925945
13.5000047892257,7.17833309122372,5.03460083029972,2.48654659748463,2.04787375463507,1.08206361416639,8.78850387650181,114.549439326695,58.9491117990864,432456610326.217,1.12772185226161e+17,7.53899530898196e+16,3.87631196839281e+71,1.47608865978246e+18,9.15530320034145e+24,4.47463124321698
6.6060527720348,4.18390969297461,3.19850712694253,1.47665550603042,1.52349385417253,1.4480306839537,2.65733272413356,3.3698980152261,7.44121633638159,221.363142544436,2803.28691947723,95.7104482639676,1.93731027068859e+17,4776.707721535,575279.98687689,2.33636805794875
9.2861214426574,8.54071048073199,4.12767285138204,3.58677735185239,1.85480381907688,1.58754286464504,2.7087083359152,6.20574588656618,7.55397099916527,389.832623358599,10009.0388320289,89.1429707910975,7.46862294115384e+22,25007.1317758384,16721609.3726689,2.64832524008339
10.0014806327377,8.67794892535631,3.26530668054362,1.78345019352733,1.09243246361979,0.988625196705059,2.71038443456148,5.37881533374479,11.7456458993087,106.384504449073,1392.83697900988,126.808076623521,2.93290972940467e+19,21910.3022518126,408764.374951333,3.34848419312459
13.8294786700221,11.2506956920754,4.23974850065076,3.27389625009786,1.1608335074522,0.940646450265006,3.18693523008662,2.32186819765666,5.41348143898424,158.515935691425,536.568025310114,32.4946613260839,4.40314735495557e+16,1722.64328915632,246923.857153598,1.70162644327687
10.1836676318103,9.64639204836244,4.11783189540634,1.70784980476294,1.33609836646247,1.04916678922327,2.81580550477534,5.63145274590502,9.46279951577178,81.7204065968428,477.710621442125,138.944543858298,99064910911306.5,6539.20311399796,28484.1097889096,4.0356625428764
9.68461939684223,11.6334807347485,4.62739629263823,3.81815532970431,3.14251815872433,2.92741670307315,3.5694184307122,6.28660262489757,9.86055534340025,87.9148946979401,553.117482231671,87.5889612139642,442710235943746,3568.24082678126,84770.452628374,4.49435050301225
17.7795828874363,12.1150592412041,5.00599637956022,3.63963756766857,1.92837469836566,1.84898187428683,6.41362515121042,7.96981938655904,10.3639315535144,7292.27067525399,47138.3394580218,398.436147468557,8.2120787552055e+32,493809.373354736,1165690809.59238,2.05868852329752
10.7690846531607,12.0332654888523,4.56239764800165,3.10795217113738,1.90251990332087,1.63469723961303,3.88794579065853,6.10772655985607,16.3305848608152,10788005.5416263,40176931.1741209,2838588.87500256,1.89737046858914e+51,40845612.7479764,1.2887971925657e+15,2.17616953001018
7.93679653888309,5.91304318141412,2.90198937440111,2.13566003987598,1.30263720673167,1.3264155531415,2.32705868347711,4.03824279760535,8.38211000603088,122.237923302524,598.996369842974,75.2148461327589,219453181480007,2256.94472066425,53369.516560917,1.75794279473504
8.59083943792565,5.80359598006137,4.28747784639954,2.77137398827313,1.20555419970274,1.12652686701713,3.40315484147192,5.45109908971343,11.322296551866,814261.612356812,3803447.21102502,34575.2271263269,1.06169396556975e+43,7257927.57719791,18453891948559.3,1.52464980331139
14.2500326453375,15.5741086857244,5.07915836732627,3.58165112980531,2.16806078739293,1.80842150639459,7.31139520786561,10.0741967046379,24.4961844041662,347961.736407159,2048563.54948117,6757.7561114181,2.36825481844692e+41,11225497.5145162,5979481664920.44,3.16763344769649
9.94119601506063,6.6725797894202,3.07262206816943,2.78694392956374,1.21642384012631,1.03035592286546,1.80305980103997,4.23812986650068,9.07034280005908,6707.36427233421,19619.9412303846,114.354087178312,2.39749363122805e+34,115911.268210581,8426392202.48586,2.22502700501576
10.9421370611176,9.06729582404516,4.00911784811078,2.63675411210528,1.30061334841108,1.03235308026932,2.27291176589721,4.38386989780199,5.23007372053814,708.53633667464,12179.6873586547,74.562359132226,4.32860311049525e+26,59215.8582771148,85920938.6186138,1.72063278281317
11.9727315641249,7.16224917920693,3.32661661124033,2.93350276445809,1.19997985023751,1.11157657837819,2.58563964944266,3.65562304204177,7.639793786491,253.082646832217,1170.15717401265,100.769417111899,5.89752905214973e+19,24150.9620643436,3163624.29259852,2.70888407875145
10.1627310644502,9.59471108252214,4.08789942785546,1.69969043607012,1.32219916388876,1.04213201790146,2.79502556928231,5.59991922711906,9.28196739934752,81.7439447764637,444.211916482782,134.368864067236,146627932645733,6167.25557677396,28772.761823082,3.90099331182935
13.0906146010144,9.30794068259957,3.53728054720908,3.41714136274662,1.34637545997881,1.38166703117862,3.07309050599223,7.74922432956459,15.0776396619927,15314213.9784395,25691708.9732698,1817085.5057988,4.07472924183737e+49,40631321.4906008,1.14443831418407e+15,2.12433903889728
11.5956266214387,11.3148195656495,3.71449958852632,3.12218353249959,1.40221233474983,1.08987932253757,2.44135652758806,4.91931372735709,9.46259575947806,324869.586437114,3668433.91467815,3282.36474014159,2.67641157148426e+41,2038014.03046509,4029069082881.83,1.6733722225783
8.57628048489184,8.24923069892938,3.75030758115186,1.60196334281768,1.38529510599927,1.18368310107034,3.92658398440607,4.7910376046819,8.73766793712188,8000.49229340147,198876.831650243,197.095260847585,3.83902368208837e+31,485724.712655364,4264920938.4421,1.88389322213985
12.9663261535942,6.77126085004192,3.02609297123047,2.98467389002875,1.06832561508893,0.959436535904456,2.68260119216167,4.24699171894546,9.55670364729811,329.094050975445,1568.8787822063,128.592561263241,3.22227785835796e+20,35111.3061378056,5928784.68661135,3.3671324220221
8.62586754244789,6.77961628955058,4.66366961267114,1.8796735747337,1.66952347080366,1.61385315230871,3.84474497294289,5.27368885704838,7.56883135961784,160.559988262307,1084.3736997955,148.838889728934,7.56614107058203e+20,34186.9156726196,6639467.96352802,2.53673365720123
8.59441193753517,4.87006282659295,3.99770569031229,1.40688116922345,1.28680478139544,0.929799367245704,2.62989302720203,2.41763633008882,9.69403499205997,112.119089550237,740.951958298746,82.5991796486355,245851778788594,2706.25572784696,103932.673082716,2.21312031350718
11.8077996704848,8.91941750012026,4.14759691540173,2.5085820998156,1.55465456880234,1.36205392541922,7.78518910197686,6.05755713541393,15.0311309789796,417172381.584048,19382943905.3331,87216610124.2766,1.89152875183813e+64,159516859871.608,5.15287383130692e+18,2.06144360047699
8.54578625003786,7.25908802276623,3.88819100747031,1.92764427068152,2.19939229697271,1.83086866116532,4.17243049763519,7.46784160270713,9.53633832364074,1074.75663420478,21011.2269563139,142.319957120768,1.91944412243553e+24,93986.8790289231,49144175.4807325,3.84405521076402
12.2883021587804,12.3175957173749,4.08245842520531,3.08719369570824,1.6462130102202,1.13969612648689,2.78056909139697,3.71204975863682,8.70977751002368,247.323670476563,3356.7610474533,103.022692496043,1.39489259975267e+23,49221.1192490556,2273580.56011145,2.56449093769077
8.6437735588954,6.62275116954866,3.8108414419909,1.54189322335648,1.73815553420011,1.77547170069348,4.34660157191506,4.3383760921529,9.65708830019873,395.808136125309,8160.75823021961,124.997632966773,1.19263247450361e+22,13504.6407108314,17023558.8024279,2.43490968202927
6.5335451134585,5.36759192754965,3.77778425303931,2.78774198787854,1.53024609417504,1.47330339801478,4.19851374423922,3.15711019554973,6.3517037002271,105.74327059262,903.278266733846,97.4044029065041,5.51808708927577e+15,7809.12028402915,300497.890621545,3.77776864144452
30.4100917915294,24.5677820096511,7.16619756857869,8.46972196091972,5.32438630495183,5.11247908174678,15.9418561506637,29.4517908641634,68.3806643867104,631638.216799552,8245978.84382077,11529.0883372932,1.70606884338895e+40,7549112.95677814,2735106275927.05,10.1664114134377
22.7617486660712,12.9593391149534,6.67625930577537,9.55110383260221,6.83357190690003,7.0964747224959,14.9677266310404,14.5690104401028,15.905182920128,2133987.44460617,13756783.4868892,218457.905640371,1.75282744738604e+47,26515892.2227782,17914200397318.6,8.07900231279692
12.7120453356595,12.5793713248905,3.91597592753533,3.28368046178562,1.55885911999911,1.24116399160435,2.61735912342076,4.16853738339723,5.46741571704042,200.649784250142,3292.07552542129,83.7173072173736,1.51328362511915e+23,41508.3627646411,2300342.93292007,2.02955987216276
23.7324912037605,24.8362634691402,13.0527806299992,7.2978083904295,4.01494091799751,3.47403083998261,17.4052333506417,14.7393219445179,29.5795283328546,86116.1284260695,2439121.00805813,989.099370041083,7.3869879886099e+35,1621139.3620791,233163301352.949,7.9376013664054
11.1727741794289,12.9617195524532,3.54310657592419,3.20199971348488,2.3052335438563,2.1047753443891,2.61602704797248,5.86773501435096,5.77575407604197,106.685400299939,2163.23738885232,67.2032039997879,3.52155122122511e+18,18245.7840108617,229711.427568708,2.87932857995454
10.8904218627381,9.76095930035985,4.43279214713562,2.19880529723983,1.17779095087769,0.987444949159778,2.9672286865887,5.01016888714062,10.1690734236306,99.9292162845455,734.86251038962,126.982356473707,1.21049976939873e+16,9360.34230649702,114279.95553783,4.23542515044362
8.71664749936506,9.5724704879392,2.69775976287019,1.96733946247236,1.96129240179903,1.72863807716335,4.46235623670362,7.57891526208896,8.9498876761936,225.027147146737,1445.62096720651,176.045344415077,7.23497926094982e+18,26853.6365107431,1005348.6483181,3.13119322796689
13.6098692344116,14.01599470371,3.48057332709951,2.89583802086587,0.807156055263652,0.795380273634218,2.03078666604066,7.62578883936339,6.91849328115639,195.798007283654,1403.98326513646,70.2176673709474,4.91561282460793e+17,4192.13240089102,229707.438396107,2.9095466845471
8.10016105462668,7.90093881813904,2.98143633730086,2.59741963871493,0.961826347007982,0.986186696523827,2.23822718423451,6.05354309971357,11.1602099722066,455991.325062683,1292307.9711451,1359.67829880268,9.25106580192829e+40,2270326.16643589,2291086325531,1.65380276674578
14.8461582493436,10.4642823059034,5.55048448464519,3.52281357576733,1.91357101095636,1.68859164657126,4.62802474793856,3.78773379089212,7.23109645713303,6584.27307660343,62586.9391968471,178.621510032176,1.37277439201148e+29,158083.977011037,745917354.672214,1.99043011582355
11.6320437448624,8.62179827896508,4.79302940701593,1.59539982947363,1.85634156508018,1.39379374291529,4.94116435824412,6.73403846115551,15.8088568029384,81751525.9002184,221160174.697016,369336626.987503,1.49856133345032e+57,2646769476.4442,8.37759253960563e+16,2.16576052094994
13.1227488308257,13.877676339219,5.649442573532,3.49544709812869,2.47053110547051,1.87272900931874,9.46253372684951,10.3353647428364,14.1041124617746,5600.36676307661,265213.391795769,283.089594859001,1.40890225640767e+30,214715.004489496,3908237004.87985,4.10539627448076
12.1692459590456,13.9455404066857,4.8731341569973,4.4414477037438,2.55923736491841,2.5240217624352,3.37354739032838,4.51329967947408,6.28436485786568,82.0623026849215,301.576220626567,77.3630390826039,7.8332077365102e+15,7133.98358581393,25072.8459882427,3.36031332949361
8.50080540141628,7.99553275337708,5.54821526858957,2.72264755658491,1.88054894614919,1.76165049080604,4.64237698191569,4.68170322282143,10.8370222448544,276.424952708334,67889.8621894068,107.20981503211,4.96248015301973e+23,78657.4362473578,48020142.5340878,2.50429435027627
7.54313555881729,10.6016141288514,3.82045457101868,2.47376816936607,1.22379589854286,1.18380467570058,3.72190407063022,8.37762111265076,14.0563530983596,553.389152201991,11572.9534296476,95.6898000029411,5.18155795292884e+22,19493.2624035915,12180118.6562903,2.10685865627304
6.60002403089868,5.1082322523516,3.86860456907002,2.59754282050971,1.83586607418175,1.83111048858422,3.91657462923072,4.22518933940821,8.21785732055025,92.2226022788882,2394.29034013822,103.352754074965,1.81655868499645e+17,11976.961287204,693192.773986484,3.58276242210319
31.5019622496475,31.9305476437571,17.6533685465925,10.9488854187303,8.8062212500823,7.37937986054177,18.685659919034,24.3983314026477,51.0229429224764,122271937.525594,211765888.394631,38640087.9272505,3.09586924105291e+53,637760773.380829,2.86521378479891e+16,10.3944571278014
9.32718884643568,5.31298840919845,4.14120748334851,2.37759041482802,1.47901991827234,1.42221826550107,2.81777111137827,4.38051746517633,8.44500825116998,533.150090795459,16170.5408934793,116.068824298165,5.02395766512944e+28,12223.9168500496,162837516.918451,2.76270479531802
8.31510467289811,5.42078491761805,4.22508750633037,2.24119610557859,1.53073266011934,1.08328840580837,1.95053964829294,3.86860037300301,5.22529364706947,6850.97424801001,225777.210194136,183.89586283686,2.24876491105277e+36,480577.952204247,29533844358.1624,1.21281281974475
14.7844426763512,14.8883499629442,5.73486718691769,2.48844063504796,2.28260810547624,1.91688637207769,6.51147394014892,10.7847260006322,22.9443252415905,441958.645020172,3857910.28031987,8236.84223190883,3.25017166013421e+42,13453986.4821656,10528827772762.6,4.56836323984397
17.7027312466371,15.9518571529308,3.91195471222347,3.06738651246897,2.95364689184901,2.83735083599768,8.59331178748284,11.2900515083654,20.5904450699966,126933.229752514,574854.635586462,3103.2783672129,2.62978351007483e+39,4667297.94985841,105866696577.443,3.71609548837885
6.96221605747058,5.49601931777102,3.60437033594746,2.57626580897672,1.27313289851682,1.16528469630727,4.47302447574925,2.99747364728425,5.76319350281752,96.380788365297,1573.52588118863,92.9686374585018,1.30648267957972e+15,5550.17495206889,183423.225780663,3.30684189588961
14.1460524281586,10.0248822535749,4.57999949635644,3.52273128782174,3.1770738537267,2.97344817257255,5.6959451961685,5.83042140477443,20.6210792394445,14594290.6763651,27268774.0733689,19005011.8590985,3.32179236690658e+52,578995187.306412,6.00605299078473e+15,3.97624976968726
13.4002248532777,13.0837937704028,3.96123585408815,3.34496655318589,1.44118570874477,1.31330741715074,3.28798944270458,5.45889653201641,5.62460841709015,417.770787617742,5056.04814093522,68.7543290165654,9.8539352478257e+24,57582.406352444,8915029.27876246,2.18208518040164
8.50542738771191,9.37849415212543,3.94931114042816,2.53782813789184,1.07015268886967,0.845746965381599,3.32835880507194,8.32618290116374,11.1832640441283,187.344521530356,2857.11853458671,97.0577682432455,2.84936308165027e+16,4623.58313164984,238776.98831189,1.52819080445791
13.0816386638839,8.81375017763767,5.16803216006953,2.17284265290546,1.93892869020687,1.50959745571548,4.73876275064154,6.51583103502736,16.4385349313958,14705505.6838246,33713078.7248926,20405910.1051792,1.46867180718111e+52,500247584.697288,5.67999417294531e+15,2.34187321890482
12.2109830459595,6.91184086010223,3.02656105173681,3.08517361673458,1.1107986817343,1.11078553871279,2.47178218481039,5.69680329343518,8.80919813490405,783.853566625288,7491.91289482479,112.231545524978,1.30460450161967e+26,18741.345020944,49726148.3083866,2.80938762932084
6.48619062518592,9.33170062165687,3.87775918468273,2.13278106503162,1.17197428427125,1.0370974841925,2.57910877075251,9.12899898534691,12.6965866696193,231.802849550606,2156.74341174651,99.1903401657062,1.18043986351075e+20,4748.8021073413,2461241.39397297,3.26933137648284
10.216789303839,7.09169359715004,2.83468106751019,2.51714256107883,1.07238441233269,0.945815836695763,2.0753539778919,4.41120783605033,7.73248051389569,11560.9972468697,77217.6707873919,90.1661438407103,2.22544217126555e+31,404886.431568654,4904055717.54198,2.33303087773131
7.19397285207681,6.98027396437622,2.9325146857622,1.44718802290594,0.99414562312786,0.949011509278893,2.39257232581222,3.30700899308426,5.6341799704886,104.128627577124,2308.14424701612,57.6618500344837,4.46509050748317e+19,6084.20872719627,1488642.98220028,1.13818525540681
7.46741447226617,6.38321695762851,4.19601569950479,2.02377772856169,1.38609563111612,1.13083488987491,2.63094830316219,3.35331618432458,10.1133582464064,13081.3962104358,1428802.79185784,208.603524681622,4.62253251487868e+36,882344.938341703,100906270776.911,2.55107603338483
18.725169955709,9.22705486920629,4.89779760081721,2.79534775128317,2.1641606362112,1.06796891550491,9.18110060324658,81.0841102955778,46.372208669015,246973230865.984,6.8066695844804e+15,7.48163651232929e+15,4.71039291438458e+70,1.06578123652973e+17,6.70470129617346e+23,4.71072747739958
13.0857501551655,12.9903349066324,3.88681380072668,3.29835617409659,1.47816956417468,1.30627726802804,3.05177419317596,5.05832333481014,4.70434035511023,357.912587297187,4691.21298678777,70.4755900074101,2.16878845828393e+24,53450.6807636402,5608486.00343564,1.92974783529023
9.12258761003131,4.64519990307056,2.86489221005041,1.93866288775281,1.10316939290179,1.18928669675667,2.44600384220688,3.72372272359808,10.1345836410852,162.081604093873,1213.94161285295,110.743229446828,3.49764296634616e+20,16778.1937493637,2812485.48552943,2.46568613848728
10.6224761558321,8.02558330021159,3.77530944698308,3.49994348687751,1.15904010825841,1.03958429839055,2.5656549346958,6.80640243467408,8.91849927924787,3913.41329414712,15368.9418897719,124.207521086816,1.53898848880281e+28,167427.944748293,1142622074.20346,1.36367809746918
20.8726456867949,8.18954665867326,7.09847224570469,5.74240417901219,3.60833155013453,1.85436838283556,86.1328281350947,6474.99646473123,1163.99354947832,418994101542015,1.11272063239508e+30,3.85678375270418e+26,2.81569473023193e+79,2.68554293336177e+31,2.95624798720505e+35,8.35133524792861
11.7476436179337,7.21337480492901,3.00902170631458,2.76269999018034,1.67187401714964,1.45314171857588,4.19424949693923,9.16481722827701,9.42016550612571,1190837842.63414,11858381703.011,3062001518.31695,1.20949222790698e+62,110970582125.823,4.98287010362587e+18,2.16299722910179
8.36271474027855,5.06051932022074,3.64676202384319,2.24993227910438,1.65323244835647,1.59279671567361,2.68570081855349,4.2514127196834,6.9465747493124,1283.48836784709,3416.44747111548,118.770642632192,9.36964135888398e+24,100207.851518957,38188124.1303252,2.01022125356048
17.1503355895121,14.8559228117875,3.25009189052093,3.56256558640688,2.71347337063019,2.66289761202703,9.12076410122791,13.4217243897466,36.0798877822441,2524608.08478035,22109250.162048,38125.4241189155,3.71488926397268e+43,8275648.96117621,61529347300287.1,5.47707124948305
8.08394779150211,5.2784474061548,3.65412607928773,1.82747969586146,1.19841682402597,1.09643038875796,2.56474409278258,3.89771048446305,7.04235163274356,26395.0380175321,78264.8175392308,148.293768630032,2.39672140250096e+33,344252.849401491,19555098895.5776,1.72236438006225
12.7885859181852,11.8452074544028,4.74522554440784,3.195063744689,1.76858346813105,0.997857694195098,2.54927198092773,5.40780172821009,8.14068266674598,109.727330806328,1317.99789775551,124.063499808399,3.59950384709354e+19,24492.1982707923,409656.085799453,3.24206096228454
17.1778996665653,13.1798349959511,5.08614620061686,3.51652997322972,1.24037940970841,1.03972402693357,4.04048201528983,8.17097677353365,12.9428742068894,526.903520353576,10419.2552683666,96.8897339656522,2.82000269493561e+23,39539.7180562261,13153900.6190874,1.32136785338292
7.56501692810371,8.82988730586675,3.38664402142119,2.45238030432713,1.10536156618952,1.02863425833206,3.68530544295341,5.04052445673095,6.42861600798105,205.246041870449,7338.40240007916,92.1342785164754,2.61797425440235e+22,4263.51480388246,5651879.39834386,3.13938023374284
29.6242228836902,25.9748951135455,7.54270780449129,5.22957586731186,4.06687372133312,4.32787467384804,18.0244155315024,11.7019901026853,53.5477471308319,201260.837920422,2350992.11992074,1044.21957816872,2.75733837218669e+37,2045956.91829151,934213325797.601,7.10498599641691
19.1374827241953,10.6543951808874,5.60260395217561,3.25453744256671,2.12618289272843,1.80247046628012,5.52089804373039,5.63450837179901,9.21785977516376,15437.2177079671,171311.07914603,232.595786268302,3.01562606691178e+31,328378.405148892,3579582081.05057,2.45953219073395
10.4224555947664,8.63883440654144,4.15692638502541,1.92400378318449,1.01913357921269,0.977775839525244,2.93266553757126,6.29222425208858,11.2955976911184,105.249789610604,1142.59674957297,140.38307002414,1.82200277773825e+16,15069.1734768638,267672.770813664,4.17235552656076
15.8673650321911,10.9299774103414,4.56850833659862,5.40526260873413,4.44315144834069,4.41768280382614,6.84368928352302,9.43970181687529,24.4677529832057,8897620.57952578,46294690.8530344,3578716.58362843,2.60659921125335e+51,215984238.012532,2.07846377177211e+15,4.80190120142158
20.2023021978334,11.6930510519371,6.2505063482861,3.96457217099921,1.94403380315149,1.80492465497693,7.01880654611546,9.14269192253765,15.0689853901966,4008.38775859242,70104.4783455282,305.837013650502,6.48852712784426e+33,351955.694956106,630654438.548069,2.12248565773032
14.6254509982963,8.8048252776598,2.45258317843804,2.8005281116417,1.26679161791558,1.33510969876362,2.7001825544783,5.21865982425836,11.4101790675463,535.824745341045,6631.94124099898,105.934596932503,7.58435703883504e+22,34720.2101866507,25586446.8981507,1.70645148837556
25.8968997069478,15.2036391346852,13.0989719758135,7.47974619484616,4.04524869557949,4.11237371221127,16.0343870967677,16.8954900259259,29.9997417772338,647635.11213519,2660186.35426901,2775.42077378123,6.58714284144945e+39,6105345.73417024,2283978843222.68,4.87518553104401
17.9717836397438,14.5573608547643,3.17090925072464,3.5838606643026,1.36013636850907,1.46888898033411,2.56562055843033,11.1980759423609,12.593348955221,6769.24957004959,107529.47988821,312.284874720462,2.5503042627171e+32,253790.365912208,531577846.527346,5.13965138956701
8.57820559875199,10.6010754047871,4.51150925121273,3.11994181612063,1.58130182631656,1.36718872162225,4.9533805565221,5.57588762726066,6.07478676468348,695.249116084961,17777.7557309011,68.2077858859319,1.10109368078657e+25,15102.5864616191,89171874.3579811,1.95385782749489
16.6857882701646,14.1319755036084,3.95202097866422,2.90450512826883,2.09383843936718,2.18390207736816,7.89593986136606,8.30675900321884,16.0200176767657,48995.7869243915,317882.237391269,1315.07011544282,9.88820494055184e+36,2074335.193112,22620347638.8534,4.65053580285939
8.23963693509631,6.23567383367023,4.20242692121818,2.12091832940013,1.44949522377303,1.08418753994093,3.63255930950196,5.05659057021038,6.80118310254241,24109.180693287,239486.054332201,201.003423409384,1.04169075637698e+34,799863.688050809,32092203598.098,2.34108802107031
10.6854218651726,6.46629400656681,3.74570247183309,2.99930704104448,1.09544390732864,1.07771160874671,2.19389856025823,4.76926532120496,7.10424160422268,1885.31494860825,28148.6252033059,122.855497465307,2.03112133261575e+28,130904.389771102,840758004.0902,1.42035444965959
6.38508311648271,3.74388895486282,3.53996547327813,1.17938574877088,1.34603567070238,1.20849776335103,2.44184146426691,3.19441287932858,10.5689624175289,187.15836435571,2096.93375277066,84.9479313055036,7.99288995510876e+15,3330.07485052299,257961.300978123,1.7986859182041
13.9071337609088,12.3789871178182,3.27288440491099,3.30587730323629,1.45189231716654,1.14194901772713,3.0095866515561,6.82255785175422,11.3078360645018,840200.37232483,8580418.34486786,16443.730435255,7.77951852807379e+42,4919235.76100921,17386617572947.6,1.85017732962986
9.50116426905128,7.60291145746276,2.4926586659499,2.20839314289633,1.44016733040376,1.30022554405339,3.77796608713113,6.07654426146432,12.7090881817112,4390716048.6768,1537224576699.93,21894589205914.4,2.10342752585654e+67,113951001534000,3.17331924260048e+20,2.06779886588078
5.88616141026668,5.58208842594444,3.17065808817366,1.48509211362896,0.957544354672906,0.977159530009689,3.25801340720351,4.5539520482319,7.39774166905709,86.6444974753241,1199.70517849822,118.619615254353,5.39731103391006e+16,2455.75538711161,9627.61486155332,1.25577360974563
18.9888518846319,12.6738573391534,5.2505390920749,3.57038943188147,2.21365327110025,2.16702936848223,7.52118732278913,8.70701330092486,13.7008333490027,10534.4802913317,89681.5848326598,631.284575398104,4.63331775271749e+35,892115.694097408,4469097661.8301,3.77120957615639
21.4756778777302,9.57127472506783,11.3332957316582,3.54317536171864,2.96375199890982,2.80476441040841,8.81160953048049,11.0105709765992,17.9915011556807,167289.647452233,609147.068467038,452.501201245221,2.08871754232673e+35,1179220.96422577,120729700472.264,7.22469225383291
8.81837715858538,8.05499469215401,3.05771927374004,2.00256261227795,1.63932817422952,1.79597022484627,3.67218763750118,4.41755502125742,6.69658387533899,303.714041177664,5256.91418038729,141.762569672707,2.8772444995472e+20,12905.7345994572,2757815.47161005,2.11094309715977
14.8789909238614,14.9331636384195,5.21948875791596,4.64477482426392,1.72249721901024,1.63072824018183,2.67615185697807,7.13216378531638,8.23190947455436,72.7091554996511,1171.82178035016,83.9666905610611,1.71840609093067e+16,6082.91529209792,71519.8158805563,1.89705134636486
17.6095963442608,9.99162384930174,2.85727841821247,3.71456995592485,1.82997216202333,1.54859926274084,3.43122112238165,5.65543781097198,17.0751920329631,2039622.08786922,113528493.148345,36255471.3793006,1.41333277647201e+54,401011305.742953,1.23260358217455e+16,2.31255818562345
14.9549954421585,14.9846699949396,5.17520253365224,4.37444471904645,1.31097688649676,1.20171599546548,2.89417507145369,7.94302859865288,9.27368521504978,91.6177196786282,1251.21091532578,97.6110878433624,3.29335467172503e+15,4622.42164278384,57468.4389252875,1.6161067161776
13.0756387016771,8.12897863733033,5.53311505567022,2.52726650921322,2.18851149290363,1.80600128965108,2.81266968963001,4.84130601061487,6.36498418500117,4665.80227098503,142137.207909955,177.000732437748,1.49810410681837e+29,187915.130762093,252698857.605415,2.2751660459221
8.78726380910973,7.00984759596126,5.3885565860257,2.47268203771032,2.08640767646845,1.91059873025359,5.11397980458002,7.94924890234954,9.00985504590389,2116.57354283446,125159.520151506,118.921731202537,9.37701928550897e+26,221986.810411079,346047189.543245,3.49269112958251
12.9228870388479,11.9098324803477,3.69062941543748,3.01911682648166,1.29760558425234,1.16293951911941,4.05327366751274,6.67446809492393,6.36879590209084,882.044776177242,15984.4414871816,113.52733966388,3.69972925912001e+27,141336.228390587,40183339.8261236,1.6928533695574
9.04522173870526,9.67975449863027,3.92563627862513,2.82279013281597,1.12264291184606,0.799922627821472,5.10849450904891,5.81733464349933,7.46116544154792,167.721378449042,1194.33848193783,61.2375602187216,3.76222186231334e+16,2827.70878003787,293863.995408221,1.43043223966505
14.3635865400931,8.68628942372742,2.68322219695442,3.07737780014768,1.7314817158504,1.51330522127157,3.0810743833018,4.6087278120789,16.1136081217165,13514995.5105128,53189160.6252624,11856407.796941,7.48437516903241e+51,284060969.84381,3.75349755147138e+15,2.08865520686834
13.6213797350057,14.0817170136021,4.80300213348807,4.35893792619162,2.14334917411855,1.81836197520195,1.98741461422301,4.9635826580542,5.31637776735045,89.898319751478,1830.60374922143,78.5641231969402,8.29474306717802e+18,12474.2815547888,129843.642858746,2.13901423425927
7.55821572173947,5.14783154213395,4.23650259508275,1.61755184979902,1.36728850638329,1.18257961311678,3.18268941632561,5.94419605626939,13.7175474527582,13859765.316692,168070088.830035,115157775.118336,1.46817360498529e+55,744839901.934438,3.47057229194494e+16,1.71756064328744
27.3763283429507,15.1423805437767,12.4185958093463,5.38270701640203,3.5351324738991,3.28331453146465,17.1752606600133,20.3211835506073,32.1960115861577,506729.50867036,1961968.5284449,2403.70339384062,3.72980484088628e+37,3561782.67750773,1250687307529.42,6.80297847717803
6.20682956729987,7.19726785218058,2.59920278355434,1.92446289406144,1.05678694156085,0.99956478831755,2.20209263493128,4.10209784002349,5.75966156970237,86.5954008006405,1527.09555349396,66.1960240823908,4.03268914436652e+17,774.378464014777,289099.400451002,1.90652953023934
10.5714085224612,8.66863158754299,3.08606146328162,2.86402322861468,1.04281409972682,0.883380268924469,1.84350932174189,2.87613035678924,6.24306590335326,17688.5932986318,319582.780542565,198.998232212933,1.0684440156449e+36,1126245.05279792,80336213744.8161,1.58074499418455
11.9509890225524,10.5313742512631,2.95991050895849,3.0728387290069,1.47096606626294,1.01698558528208,2.72778092990221,6.61495103360333,7.13141974788915,78474.9806309286,755871.819470939,254.477634554682,8.43332578408342e+35,802523.516444795,141991820599.029,1.12495846196737
12.2852750313022,8.39578905944156,4.1584093892258,3.62506851623412,1.41479133146224,1.36542166346064,2.59697059732418,5.23798705833783,8.64125855886757,959.603325348193,83222.623730891,130.027123168595,1.40318093210269e+27,98842.5776802167,169813184.152607,1.66639371313026
9.20896963865331,4.09488088015881,3.84187340773339,1.96495375335964,1.14732415048711,1.206015486554,2.37383317276087,4.57419263177539,10.8624177558414,156.834947579056,499.456449163498,164.978095964142,1.60976900429772e+18,4865.39855535523,85747.2045233031,3.20642637919102
17.7716508465486,8.87105659628651,6.27525303785364,2.73486772754603,2.08403477304385,1.3781101511695,4.58824659632226,4.82195548196788,9.73556184801686,2828.80153754411,18526.2871146035,71.7633046513751,2.78099420460654e+25,58783.2872311691,113941272.357912,4.54308106398317
18.2974471953873,12.4724277989481,3.77711754222187,3.39516763688904,1.17804721477282,1.27246278538544,2.47739085629032,7.70491751904481,10.9991650348668,3054.49273712214,51397.4573368586,189.587987172825,2.02608431745038e+27,136267.871669463,400330031.947386,3.53617114582674
14.1023687433948,15.2997882272605,4.34807952281407,3.60455900068431,2.21485477830043,1.79760506242765,6.40861613959117,9.90298469262032,19.8959412078824,239612.907929173,1745207.63910035,5564.19930824255,1.19805413207346e+41,9127220.03081213,3601003932044.5,3.1862664857494
12.2928998722416,10.8124958132496,4.76875384650605,2.98265915034872,1.54319459810718,0.971567750779258,2.63278884405991,6.24368666003276,8.81898382410015,110.538609779887,465.635761424216,104.584643623252,1.67552395015218e+18,5620.60158424036,705774.588372283,2.88858863147773
12.9909577815167,14.396246449472,5.16941911828702,4.82023681761635,2.61318631891723,2.53184382809317,3.0927120744874,4.98897210427587,6.61298825424918,67.2573920749378,567.302342589002,66.3110585682984,3.73938600254976e+16,8657.15541965928,47630.0570159208,2.98313427979264
12.6150726763847,10.039316283555,4.88003770606668,2.57048995521188,2.66694285682509,2.19709444899267,6.22080470072885,5.43211204128822,16.3429325437237,15626.6890361092,162423.268995236,154.643838307283,3.76368667846488e+34,638175.441272966,74970977206.818,2.50533408995457
30.3297435146427,18.2892798867142,13.1221116126271,7.54593903304209,3.6744925328606,3.7742643006218,21.3072852327312,25.4715776191295,45.4311665010076,490955.427234771,4625912.42524132,6515.91816014592,1.35467011775104e+43,5799639.92856701,1960599438395.98,4.84725786081312
10.1866186225311,8.23495505440279,4.01315604071377,1.9820405414055,1.0427482551342,1.01900048752642,2.84720142871231,6.17565139630978,11.7579439313837,107.905671812768,1390.44799394833,141.179575690626,1.04583230965111e+16,15994.0374695803,348466.597151849,4.01749704112211
7.72819639939757,5.84660959002925,3.32604907758651,1.13073965242999,0.967118511229438,0.908823847717523,3.46951681210243,3.46416499730288,6.36306097262202,79.2108898286223,937.741232266435,89.2673093835134,1.5124662980658e+18,1460.38252372696,479738.235289932,1.5202049162179
8.13786788260491,4.95369476532093,3.46632643810092,1.53734117800901,1.86831163895018,1.81891351194592,3.07642129645155,3.52211812317794,13.8551126062876,367.627145736025,4986.34004851022,112.05507023087,9.62367552103586e+18,14268.4735736929,2623188.95078339,3.23413542287876
9.94260982467213,6.26670613339186,4.41996027606589,1.33183428440883,1.90946258277674,1.69249477257015,4.27960695918125,5.60111287971591,14.1586751618329,982.206813074316,22386.9381195357,130.840229396421,9.51159490356998e+22,38076.3256232612,25429452.4239896,4.49255954032721
6.18230445228942,6.01073110000636,3.85736861969228,2.46254420482942,1.16476876793903,1.20613580055768,3.24827040675808,5.49874009093866,5.7744449604633,86.0479853807812,859.115891803953,95.6265636837581,85207608881731.7,4637.76404496452,50136.7821837687,2.36147507929254
11.1544451233797,9.49262490869145,3.46159671146732,2.67220824460709,1.436113508989,1.23727219388949,2.80468528824436,5.76252890281699,8.96855494872583,83476.333905375,168487.293242745,542.253390048589,6.31604921307261e+36,1608957.40943802,198362090860.877,1.96542467291904
11.8406085340081,10.6563356359758,4.8906749642359,3.12724505462717,2.39283580533245,1.79697641347629,6.67522460849493,5.63730917101708,17.3513310700832,38603.6813638207,195046.436403598,131.427343261799,1.47282368219375e+34,727733.5193386,26062592591.0982,1.95325280815816
14.1250697527034,12.2436179505166,5.68443396238774,3.00832540259207,1.59276446784751,0.913432937099434,4.04307925971022,4.14290120924594,4.64238323542595,230.311722911199,2061.91853501725,56.715369790993,1.70607231427114e+17,7201.04239235681,573971.811509589,3.25179513173805
15.4775982903196,7.73076086191193,3.51318490754996,2.68023117864504,1.75476475234271,1.55993751185007,3.94139126621515,7.51977395518981,17.6404535077108,17140114.4508207,28876035.8035844,1582417.49555412,5.83401360837052e+50,196228310.89845,2.06231874938015e+15,2.39871528744881
7.97244306466025,6.53090203787914,4.1742198385532,2.21400612171878,1.55386090770783,1.04910810396366,3.70379689953519,3.6178404887637,11.5375819641665,2353936.89698541,30456674.663078,3272503.87854369,4.29901206756422e+51,88895995.5773448,2.1677670018349e+15,1.44792017890589
54.5918113784651,13.8165687175659,6.99124292889809,3.94727437506348,2.34690870390805,1.76069953129123,9.87062373166376,11.9503029151036,15.2873624058246,2828553907.48413,258334802950.83,659198870652.364,6.92516856279261e+65,1625348328614.48,5.6935860927693e+18,2.78652034558295
12.60311802309,11.7005733053569,3.67231468742904,2.49191447795555,1.79313200961299,1.85752853511606,6.39298396819579,8.9505947103532,17.3386465271088,2596.93168520341,33399.4860514913,200.759712613004,6.76429693479667e+27,90492.6190831448,829566267.527269,2.93920791431261
13.6533965577805,13.514250465866,3.23457507200356,3.18907070945096,1.36052298668025,1.4725895107931,3.8892627118041,10.5260302758188,11.3034016020783,16375.4969225421,166185.674950172,1139.57312294693,7.35661834794387e+36,1797492.62676397,117953633279.773,3.18067308630124
9.10960363821623,4.95100489422107,3.20360066931296,1.66380897409857,1.81699663409656,1.71133682437491,3.70462611457479,3.4792403277589,9.75261626278827,98.2679000621094,2124.72402964666,95.0505259197119,2.99685398778279e+17,9226.29055297659,634051.478957084,3.56325285814715
13.5019052173865,8.64905149244967,4.91732173073838,3.56087157040398,2.54079808881146,2.27626834339233,6.83638188859264,6.40130631000786,12.8862213696389,3909.88266559328,82959.7314426998,173.589868230968,1.98776554790126e+26,115770.544076568,439631827.293571,5.03065259806144
9.74588388612067,5.2711069811737,3.24875091269652,3.21599338970081,1.31980008905363,1.49254861265124,3.0776014524774,5.88491519575738,9.29413557031335,153537991.179548,5182927718.49417,9037892050.1548,1.36198674816608e+62,174836927831.707,2.16983331377207e+18,2.08173638708391
11.0509348147991,7.66812400630351,4.22048489004491,3.5127112313723,1.31601350145639,1.21175047952969,1.86126230356012,4.10100248787641,5.7488716936599,10105.6357287532,132268.672328999,213.133778396016,9.4108274868694e+32,418522.104924383,16137384832.1812,1.20241631481786
12.1623352616116,10.8749637996753,3.42444668707426,3.56509008346391,1.53809743998152,1.09364392158349,2.56319279065705,5.68444646169399,9.81773783100055,292676.027213603,2361039.25578224,1506.19703039912,5.51420549434084e+39,2191291.89154102,2092863026850.63,1.35452411922005
8.19949866374982,8.16800540722772,5.57295635024352,2.72385815638699,1.89604570362169,1.76978720319641,5.11981517057216,4.78119366620797,11.8221133253799,248.937447897054,63528.7428525329,115.091153529264,3.89581864995178e+23,78327.2604076149,38998671.0579278,2.67325290845313
13.3132973451145,7.16304261381103,3.48856003163474,3.26355242370424,1.44499790707933,1.03024875484126,1.71161428343971,4.83497851071587,8.15444254154608,1444.50691076298,12853.659176131,98.0345844572165,2.60500419869662e+25,114305.56425197,126289194.409988,3.26313134464239
20.6072187404682,12.8226008494082,5.08402680288304,3.9260128706524,2.83863961588913,2.22962969255126,5.48334925163338,10.1893630779616,23.2135148687579,48133912.8200698,146552570.534858,50679101.1438399,7.42731625331533e+52,457591464.213594,1.05921754824965e+16,3.57851928576227
14.9830240357086,13.0033362715053,5.64094644851019,3.37632730576493,1.53112011061614,0.906895524828666,3.66266835757465,6.63475518729476,8.57803854695975,287.998722002999,2258.79588509021,83.2736553907172,3.94313952818329e+17,10614.5481813547,1496781.06417033,1.9384987464088
35.789311171047,31.548222989771,36.7745180519248,13.594877286519,5.2590178671948,11.9610650247919,78.3802987305024,51591.9207072313,7309.77288905097,1.32475323667645e+19,4.78805829002317e+43,1.83813037985735e+37,8.54420711269313e+88,7.29382105807786e+43,8.55723198977045e+46,8.251994015575
14.0769765825469,13.288388202946,3.95136209316148,3.2441871770179,0.91068294656586,0.877918259289832,2.07891479714285,8.06859856900186,9.28964938393299,206.78835052269,1315.92175379156,61.3809476057101,1.84344968454421e+19,11109.3172581317,1712273.50072496,2.77862883896218
26.2770497600457,15.8834314402939,8.26755229301149,5.24780201559445,3.73482982719286,3.76441525399923,14.6178449037395,20.9857381490874,29.8563587819481,112174.166738043,2061021.40070956,2313.56397224643,1.59970514347778e+41,1734793.84466588,152851187782.992,4.94473186718229
9.31154514228028,9.04899411719749,3.21006182777295,1.92623349536435,1.71623187468624,1.76030522345659,3.59173106082257,7.04558068335232,11.5886075578325,851.156453029671,14945.7057510934,109.354918852245,2.90793378248276e+24,22549.4831362924,47059733.9660053,3.69996200418072
10.0719589579355,12.0162850424176,4.25232966201323,3.7363870670245,3.13415390592319,2.94747509556691,3.4020223506173,4.95039744343848,8.9953097587281,95.4376265534552,653.190724840072,59.962725741872,1.48413805237818e+16,8105.77746986312,263476.063845302,3.28557843243979
19.5936530912288,13.9209960527091,4.86478573546785,4.35829464977489,1.75669710567927,1.82008760292649,4.71621846515968,11.5437627732643,18.9029427844684,55187.9495175944,500413.278520649,921.383005346276,9.74287869271105e+33,944961.92854173,32300708158.1989,6.09756985749167
12.0555272470238,10.6746925522346,4.68750701539553,2.87228314691548,1.55603318193333,1.09834330055875,2.60071950467941,4.59079334238799,9.91039713545795,171.476292587993,3407.61060182912,81.9128421544767,9.42140878712309e+21,48683.2924019936,9637477.40859732,2.16114122455768
8.90668644891937,8.12713966192007,3.23831899302809,2.81471538564878,1.70351789318458,1.53356392882549,2.35969859946013,4.21891302900616,10.5268406057756,914.173104898326,25760.3130908005,88.4261637279969,1.31621873268537e+26,22386.014934096,132296105.472114,2.8186399771887
14.975465354328,14.9886523178244,5.16348154981531,4.33423221548451,1.25246696661096,1.13788851733471,2.92824160796603,8.06510147751329,9.40746763195846,93.4132696618306,1254.99377258257,99.0914896269162,3.53792160431865e+15,4538.38849831933,56119.38962657,1.58363606042728
6.71173719423495,5.67939182430284,4.18780468027832,2.52324343162599,1.68360460374248,1.73446726890593,3.7799180759157,6.06401913342495,6.05015489199591,135.330463528476,3066.75008716951,92.4898571302378,1.38600002303542e+17,9794.42825421221,373919.93611336,2.94222555333193
11.7309321050711,12.1387688300264,4.50398852363757,3.28970326452332,1.58979239201516,1.37729251417238,3.13597132133223,3.79341478664776,8.40287840276743,88.4097097236877,800.92992608071,112.251632926002,8.20734537535582e+15,10459.6752583833,33636.9369046054,3.8861900673401
12.4576410185587,12.8849669510856,4.73926726034112,3.8289444539129,1.91557654599174,1.63189137288276,2.98896750044907,4.18110935302738,9.1058064869168,99.6532899829639,937.781377353237,103.507397863748,1.74970811562969e+17,13303.219977331,54866.1414050732,3.38258502924596
7.85585851847925,4.45279371348236,3.87299642255361,1.66999463391369,1.93484573628509,1.70520417916888,3.11041552926604,4.89719118525557,10.1716668599886,99.850624577033,9187.94155686711,123.584549998875,3.12326189320359e+20,18874.473943696,5131964.02396197,3.31598194244413
15.9485015989723,13.9081340665462,3.00998674342753,3.14052302326439,1.16985918626779,1.23057171168598,2.61389219593252,10.0257750997181,8.29333433762827,6957.50952706857,85041.4380324968,353.837427809209,4.70732989691035e+32,313323.892781635,3843984920.50869,4.75461934410067
8.64435925143249,10.0773972895072,3.9760342749105,2.82325250657739,1.43822940458685,1.33529680081878,4.7617995477378,4.93224592643636,10.3514884458127,490.541619298763,16765.5947218797,96.28832265628,1.61013871752527e+24,19679.0740017037,35734391.5254415,2.16185011616119
11.9997767455891,12.5832180547509,3.73399760050053,2.63441259401982,1.58811848955162,1.25127667445662,4.07183195914735,5.79182544410427,8.81227084545888,9666.59358707959,148488.457679734,471.325342167156,7.23606199902876e+32,796266.497497957,10638792066.9271,1.61282531804282
8.49581048854355,5.03915046162794,4.27116786582331,2.19761119537874,1.62514102747964,1.38450360198851,2.60713320536235,4.02957088001897,5.96922522886007,1950.57557790883,41505.4521991093,160.143661559141,1.27454763433447e+30,194264.319516871,1417693883.15391,1.3223848739428
26.2304230699914,17.3944719844253,13.2687248460846,9.65589451726103,6.25721428529579,5.85787436506903,21.9321178718748,29.1919417485138,42.4915264823172,2755457.38002544,34777879.1533506,722431.114083104,4.16180649880591e+48,31390228.3210349,47954982883136.2,7.08808715270474
9.17280602390692,7.70604855396362,3.08191416859986,2.42869656180686,1.46074587243586,1.31061660344718,2.51915358947841,4.07972616530726,11.2773679106702,504.694894466232,14110.3841746003,112.336754439553,1.41973649357465e+26,12387.6205938201,70777216.4346091,3.20148938496629
10.6227950409116,11.2079087139991,4.30244535178692,2.72086530592939,1.73759826997997,1.24066966596131,4.85420623443419,4.23063917858936,16.3110913977468,103287.246976524,305901.481961853,326.966421576167,2.27365521441377e+38,1642100.42325388,427527692074.895,2.49273076000475
12.8734443460581,9.63398501560448,3.3514379546052,2.23737447730198,1.38858719919607,1.03581196131059,3.29296710222223,4.02577905083391,12.1011487774752,10420187.4414751,21295210.0285258,10357082.2556488,1.13009430525928e+53,175817675.455421,9.36356217957527e+15,1.44150293392102
10.8029709481845,6.55660443381154,3.56317461109651,3.0029698716213,1.35649685076219,1.44747305428117,2.60975410225919,5.0332733846116,7.1032426308869,1014.09194725606,13910.8321604378,111.911677231011,1.31886673602754e+25,83924.6153731567,167068264.98623,1.85516362324819
12.033512615577,10.6617742008762,3.26000696197345,3.22889739454978,1.99709572000129,1.55033647697948,3.4117984372517,8.12563743835819,13.4086789695685,23596661.7735942,92388445.5144672,5662294.49299149,4.73761911518398e+50,68229879.6688907,2.12787165462272e+15,2.04637565989319
22.7331849409029,19.1728465882836,6.01167394008358,4.80684798758498,3.26105586936122,3.52884789911561,11.1741792523763,14.4499008950191,22.5064514748593,63523.9987903514,1245955.0157705,615.272729407924,1.6228548256302e+34,642560.228150591,91069918818.3821,7.55411871869147
59.9601604312386,16.494875568989,10.1439082931715,3.14020524566834,3.25456325100539,2.0847276884231,6.11834620340657,10.3098444249193,13.59590523827,8226032052.11985,846843186922.253,1154965963284.29,1.50402987468388e+65,3306387482723.56,7.60468613803284e+18,3.13210596280338
19.5894569363611,16.0947824764043,3.87624931230215,4.92827577070925,3.39195554484811,2.74034251348157,9.29230889920995,10.7342405957974,25.9571214484567,2106000.99924365,9218442.38458146,138932.154100219,1.40747056505925e+46,29715805.7919177,13106185318393.6,3.90795204987696
7.95196904611915,6.63538692531423,3.20006544481645,2.33669147031874,1.35551879555775,1.09658122297894,5.5412997094343,6.19913462365146,12.9815088716859,326976341.173001,30085991787.3733,9962707190.71704,5.21774838625385e+64,126048608058.762,2.83931749426724e+18,2.00271636336488
10.5629290621139,10.3883647684471,4.34268636526265,3.15635154842885,1.17364975640114,0.921620105603916,4.37050139171505,3.71979845841437,5.43243260995056,235.218927834596,7090.41358077973,47.0933357537885,6.08214935771069e+21,13930.9051317253,10720604.8441328,1.54576515531368
8.84934924893834,9.59868485265859,3.60441535819184,2.49744460033463,0.989008050969161,0.742245006750752,4.920923314678,6.1101768318999,5.33558383736929,132.29850357596,1176.36752473976,55.9751439791156,6.92730689429123e+15,2380.61301158645,195808.122878624,1.36324085919226
9.91289689412189,8.89581552961525,4.10450677018539,3.7140856441293,1.93155286321484,1.64791183911474,2.74883822177296,6.13241805785781,6.7810976409192,535.684456199989,14493.2456229747,83.2861057429746,2.72784724824879e+23,29739.1434949698,29264003.6072501,2.57631310373885
30.2902908017479,20.7066599269974,11.0752958965289,7.95841410108025,4.81765657664755,4.78297565072957,16.0624366700393,24.9773538050416,42.038528586025,3573391.23006075,17650439.6989059,66728.0187430389,4.60758962254383e+44,23684305.8181364,73893611882109.5,8.99616241370905
